{
  "AAPL": {
    "omega": 0.05670353162779185,
    "alpha[1]": 0.05395850308314646,
    "beta[1]": 0.928322357437096
  },
  "JNJ": {
    "omega": 0.17988763716612255,
    "alpha[1]": 0.10752758030057459,
    "beta[1]": 0.7447893327314826
  },
  "JPM": {
    "omega": 0.4373346331319576,
    "alpha[1]": 0.19031776758402222,
    "beta[1]": 0.6844386200092478
  },
  "MSFT": {
    "omega": 0.05080418714107076,
    "alpha[1]": 0.04969763737276361,
    "beta[1]": 0.9323479576498854
  },
  "NVDA": {
    "omega": 0.6897706295450905,
    "alpha[1]": 0.08144987318928947,
    "beta[1]": 0.8588253231211731
  }
}