{
  "feature_cols": [
    "log_return",
    "volume_norm",
    "realized_vol_21d"
  ],
  "window": 60,
  "hidden_size": 32,
  "num_layers": 1,
  "scaler_mean": [
    0.0010777203948116685,
    1.0021852071055688,
    0.30269445525640354
  ],
  "scaler_std": [
    0.021656098425814944,
    0.3537048122851064,
    0.1789235962042067
  ]
}